{
    "total_runtime": 0.37064409255981445,
    "num_documents": 7,
    "input_load_time": 0,
    "workflows": {
        "create_base_text_units": {
            "overall": 0.2753641605377197,
            "0_orderby": 0.0022897720336914062,
            "1_zip": 0.0021331310272216797,
            "2_aggregate_override": 0.00360107421875,
            "3_chunk": 0.23236775398254395,
            "4_select": 0.00292205810546875,
            "5_unroll": 0.004803180694580078,
            "6_rename": 0.002833843231201172,
            "7_genid": 0.004380941390991211,
            "8_unzip": 0.0033690929412841797,
            "9_copy": 0.003545045852661133,
            "10_filter": 0.01111292839050293
        }
    }
}